feature,group,source,window,dtype,description,missing_count_train,missing_ratio_train,constant_in_train,in_behavior_core_linear,in_behavior_core,in_behavior_plus_context,in_demographic_experiment
customer_spend_total,rfm_activity_discount,transaction_data + valid basket events,182-day observation window,float64,Gözlem penceresindeki tahmini toplam müşteri ödemesi,0,0.0,False,True,True,True,True
retailer_revenue_total,rfm_activity_discount,transaction_data + valid basket events,182-day observation window,float64,Gözlem penceresindeki toplam perakendeci geliri,0,0.0,False,False,False,False,False
unique_stores,rfm_activity_discount,transaction_data + valid basket events,182-day observation window,int64,Snapshot gününe kadar gözlenen hane davranışından türetilen aday feature,0,0.0,False,True,True,True,True
total_retail_discount,rfm_activity_discount,transaction_data + valid basket events,182-day observation window,float64,Snapshot gününe kadar gözlenen hane davranışından türetilen aday feature,0,0.0,False,False,False,False,False
total_coupon_discount,rfm_activity_discount,transaction_data + valid basket events,182-day observation window,float64,Snapshot gününe kadar gözlenen hane davranışından türetilen aday feature,0,0.0,False,False,False,False,False
total_coupon_match_discount,rfm_activity_discount,transaction_data + valid basket events,182-day observation window,float64,Snapshot gününe kadar gözlenen hane davranışından türetilen aday feature,0,0.0,False,False,False,False,False
total_discount_amount,rfm_activity_discount,transaction_data + valid basket events,182-day observation window,float64,Snapshot gününe kadar gözlenen hane davranışından türetilen aday feature,0,0.0,False,False,False,False,False
discounted_line_rate,rfm_activity_discount,transaction_data + valid basket events,182-day observation window,float64,Snapshot gününe kadar gözlenen hane davranışından türetilen aday feature,0,0.0,False,False,False,False,False
coupon_line_rate,rfm_activity_discount,transaction_data + valid basket events,182-day observation window,float64,Snapshot gününe kadar gözlenen hane davranışından türetilen aday feature,0,0.0,False,False,False,False,False
coupon_accounting_line_rate,rfm_activity_discount,transaction_data + valid basket events,182-day observation window,float64,Snapshot gününe kadar gözlenen hane davranışından türetilen aday feature,0,0.0,False,False,False,False,False
frequency_baskets,rfm_activity_discount,transaction_data + valid basket events,182-day observation window,int64,182 günlük gözlem penceresindeki geçerli sepet sayısı,0,0.0,False,True,True,True,True
active_days,rfm_activity_discount,transaction_data + valid basket events,182-day observation window,int64,Alışveriş yapılan benzersiz gün sayısı,0,0.0,False,False,True,True,True
active_weeks,rfm_activity_discount,transaction_data + valid basket events,182-day observation window,int64,Alışveriş yapılan göreli hafta sayısı,0,0.0,False,True,True,True,True
unique_products,rfm_activity_discount,transaction_data + valid basket events,182-day observation window,int64,Snapshot gününe kadar gözlenen hane davranışından türetilen aday feature,0,0.0,False,True,True,True,True
recency_days,rfm_activity_discount,transaction_data + valid basket events,182-day observation window,int64,Snapshot ile son geçerli alışveriş günü arasındaki gün sayısı,0,0.0,False,True,True,True,True
purchase_span_days,rfm_activity_discount,transaction_data + valid basket events,182-day observation window,int64,Snapshot gününe kadar gözlenen hane davranışından türetilen aday feature,0,0.0,False,False,False,False,False
panel_tenure_days,rfm_activity_discount,transaction_data + valid basket events,all history up to snapshot,int64,Snapshot gününe kadar gözlenen hane davranışından türetilen aday feature,0,0.0,False,False,False,False,False
active_week_ratio,rfm_activity_discount,transaction_data + valid basket events,182-day observation window,float64,Aktif haftaların 26 haftalık gözlem penceresine oranı,0,0.0,False,False,False,False,False
spend_per_active_week,rfm_activity_discount,transaction_data + valid basket events,182-day observation window,float64,Snapshot gününe kadar gözlenen hane davranışından türetilen aday feature,0,0.0,False,True,True,True,True
baskets_per_active_week,rfm_activity_discount,transaction_data + valid basket events,182-day observation window,float64,Snapshot gününe kadar gözlenen hane davranışından türetilen aday feature,0,0.0,False,True,True,True,True
discount_dependency,rfm_activity_discount,transaction_data + valid basket events,182-day observation window,float64,Toplam indirimin tahmini indirimsiz alışveriş değerine oranı,0,0.0,False,True,True,True,True
avg_basket_value,basket_store_time,transaction_data aggregated to basket,182-day observation window,float64,Snapshot gününe kadar gözlenen hane davranışından türetilen aday feature,0,0.0,False,False,False,False,False
median_basket_value,basket_store_time,transaction_data aggregated to basket,182-day observation window,float64,Sıfıra sınırlandırılmış müşteri sepet tutarının medyanı,0,0.0,False,True,True,True,True
basket_value_std,basket_store_time,transaction_data aggregated to basket,182-day observation window,float64,Snapshot gününe kadar gözlenen hane davranışından türetilen aday feature,0,0.0,False,False,False,False,False
max_basket_value,basket_store_time,transaction_data aggregated to basket,182-day observation window,float64,Snapshot gününe kadar gözlenen hane davranışından türetilen aday feature,0,0.0,False,False,False,False,False
avg_products_per_basket,basket_store_time,transaction_data aggregated to basket,182-day observation window,float64,Snapshot gününe kadar gözlenen hane davranışından türetilen aday feature,0,0.0,False,True,True,True,True
median_products_per_basket,basket_store_time,transaction_data aggregated to basket,182-day observation window,float64,Snapshot gününe kadar gözlenen hane davranışından türetilen aday feature,0,0.0,False,False,False,False,False
products_per_basket_std,basket_store_time,transaction_data aggregated to basket,182-day observation window,float64,Snapshot gününe kadar gözlenen hane davranışından türetilen aday feature,0,0.0,False,False,False,False,False
single_product_basket_rate,basket_store_time,transaction_data aggregated to basket,182-day observation window,float64,Snapshot gününe kadar gözlenen hane davranışından türetilen aday feature,0,0.0,False,True,True,True,True
nonpositive_basket_rate,basket_store_time,transaction_data aggregated to basket,182-day observation window,float64,Snapshot gününe kadar gözlenen hane davranışından türetilen aday feature,0,0.0,False,False,False,False,False
discounted_basket_rate,basket_store_time,transaction_data aggregated to basket,182-day observation window,float64,Snapshot gününe kadar gözlenen hane davranışından türetilen aday feature,0,0.0,False,True,True,True,True
coupon_basket_rate,basket_store_time,transaction_data aggregated to basket,182-day observation window,float64,Snapshot gününe kadar gözlenen hane davranışından türetilen aday feature,0,0.0,False,True,True,True,True
avg_basket_discount,basket_store_time,transaction_data aggregated to basket,182-day observation window,float64,Snapshot gününe kadar gözlenen hane davranışından türetilen aday feature,0,0.0,False,False,False,False,False
avg_transaction_hour,basket_store_time,transaction_data aggregated to basket,182-day observation window,float64,Snapshot gününe kadar gözlenen hane davranışından türetilen aday feature,0,0.0,False,False,False,False,False
transaction_hour_std,basket_store_time,transaction_data aggregated to basket,182-day observation window,float64,Snapshot gününe kadar gözlenen hane davranışından türetilen aday feature,0,0.0,False,False,False,False,False
night_basket_rate,basket_store_time,transaction_data aggregated to basket,182-day observation window,float64,Snapshot gününe kadar gözlenen hane davranışından türetilen aday feature,0,0.0,False,False,False,False,False
morning_basket_rate,basket_store_time,transaction_data aggregated to basket,182-day observation window,float64,Snapshot gününe kadar gözlenen hane davranışından türetilen aday feature,0,0.0,False,False,False,False,False
afternoon_basket_rate,basket_store_time,transaction_data aggregated to basket,182-day observation window,float64,Snapshot gününe kadar gözlenen hane davranışından türetilen aday feature,0,0.0,False,False,False,False,False
evening_basket_rate,basket_store_time,transaction_data aggregated to basket,182-day observation window,float64,Snapshot gününe kadar gözlenen hane davranışından türetilen aday feature,0,0.0,False,False,False,False,False
basket_value_cv,basket_store_time,transaction_data aggregated to basket,182-day observation window,float64,Sepet tutarı standart sapmasının ortalama sepet tutarına oranı,0,0.0,False,True,True,True,True
dominant_store_share,basket_store_time,transaction_data aggregated to basket,182-day observation window,float64,Snapshot gününe kadar gözlenen hane davranışından türetilen aday feature,0,0.0,False,True,True,True,True
gap_observation_count,purchase_regularity,valid basket purchase days,182-day observation window,int64,Snapshot gününe kadar gözlenen hane davranışından türetilen aday feature,0,0.0,False,False,False,False,False
mean_purchase_gap,purchase_regularity,valid basket purchase days,182-day observation window,float64,Snapshot gününe kadar gözlenen hane davranışından türetilen aday feature,10,0.0014697236919459142,False,False,False,False,False
median_purchase_gap,purchase_regularity,valid basket purchase days,182-day observation window,float64,Alışveriş günleri arasındaki medyan gün sayısı,10,0.0014697236919459142,False,True,True,True,True
std_purchase_gap,purchase_regularity,valid basket purchase days,182-day observation window,float64,Snapshot gününe kadar gözlenen hane davranışından türetilen aday feature,154,0.02263374485596708,False,False,False,False,False
max_purchase_gap,purchase_regularity,valid basket purchase days,182-day observation window,float64,Snapshot gününe kadar gözlenen hane davranışından türetilen aday feature,10,0.0014697236919459142,False,False,False,False,False
last_purchase_gap,purchase_regularity,valid basket purchase days,182-day observation window,float64,Snapshot gününe kadar gözlenen hane davranışından türetilen aday feature,10,0.0014697236919459142,False,True,True,True,True
recent_mean_purchase_gap_3,purchase_regularity,valid basket purchase days,182-day observation window,float64,Son üç alışveriş aralığının ortalaması,10,0.0014697236919459142,False,True,True,True,True
gap_trend_last_5,purchase_regularity,valid basket purchase days,182-day observation window,float64,Son beş alışveriş aralığının doğrusal eğimi,154,0.02263374485596708,False,True,True,True,True
gap_cv,purchase_regularity,valid basket purchase days,182-day observation window,float64,Snapshot gününe kadar gözlenen hane davranışından türetilen aday feature,154,0.02263374485596708,False,False,False,False,False
recency_to_typical_gap,purchase_regularity,valid basket purchase days,182-day observation window,float64,Mevcut sessizliğin tipik alışveriş aralığına oranı,10,0.0014697236919459142,False,True,True,True,True
gap_acceleration,purchase_regularity,valid basket purchase days,182-day observation window,float64,Son alışveriş aralığı ile tarihsel medyan aralık farkı,10,0.0014697236919459142,False,True,True,True,True
recent_gap_to_history_ratio,purchase_regularity,valid basket purchase days,182-day observation window,float64,Snapshot gününe kadar gözlenen hane davranışından türetilen aday feature,10,0.0014697236919459142,False,False,False,False,False
customer_spend_last_4w,temporal_trend,transaction_data + basket + product time windows,last 4 weeks,float64,Snapshot gününe kadar gözlenen hane davranışından türetilen aday feature,0,0.0,False,True,True,True,True
discounted_line_rate_last_4w,temporal_trend,transaction_data + basket + product time windows,last 4 weeks,float64,Snapshot gününe kadar gözlenen hane davranışından türetilen aday feature,0,0.0,False,False,False,False,False
coupon_line_rate_last_4w,temporal_trend,transaction_data + basket + product time windows,last 4 weeks,float64,Snapshot gününe kadar gözlenen hane davranışından türetilen aday feature,0,0.0,False,False,False,False,False
baskets_last_4w,temporal_trend,transaction_data + basket + product time windows,last 4 weeks,float64,Snapshot gününe kadar gözlenen hane davranışından türetilen aday feature,0,0.0,False,True,True,True,True
active_days_last_4w,temporal_trend,transaction_data + basket + product time windows,last 4 weeks,float64,Snapshot gününe kadar gözlenen hane davranışından türetilen aday feature,0,0.0,False,False,False,False,False
active_weeks_last_4w,temporal_trend,transaction_data + basket + product time windows,last 4 weeks,float64,Snapshot gününe kadar gözlenen hane davranışından türetilen aday feature,0,0.0,False,True,True,True,True
avg_basket_value_last_4w,temporal_trend,transaction_data + basket + product time windows,last 4 weeks,float64,Snapshot gününe kadar gözlenen hane davranışından türetilen aday feature,0,0.0,False,False,False,False,False
discounted_basket_rate_last_4w,temporal_trend,transaction_data + basket + product time windows,last 4 weeks,float64,Snapshot gününe kadar gözlenen hane davranışından türetilen aday feature,0,0.0,False,False,False,False,False
coupon_basket_rate_last_4w,temporal_trend,transaction_data + basket + product time windows,last 4 weeks,float64,Snapshot gününe kadar gözlenen hane davranışından türetilen aday feature,0,0.0,False,False,False,False,False
unique_products_last_4w,temporal_trend,transaction_data + basket + product time windows,last 4 weeks,float64,Snapshot gününe kadar gözlenen hane davranışından türetilen aday feature,0,0.0,False,False,False,False,False
unique_departments_last_4w,temporal_trend,transaction_data + basket + product time windows,last 4 weeks,float64,Snapshot gününe kadar gözlenen hane davranışından türetilen aday feature,0,0.0,False,False,False,False,False
customer_spend_last_8w,temporal_trend,transaction_data + basket + product time windows,last 8 weeks,float64,Snapshot gününe kadar gözlenen hane davranışından türetilen aday feature,0,0.0,False,True,True,True,True
discounted_line_rate_last_8w,temporal_trend,transaction_data + basket + product time windows,last 8 weeks,float64,Snapshot gününe kadar gözlenen hane davranışından türetilen aday feature,0,0.0,False,False,False,False,False
coupon_line_rate_last_8w,temporal_trend,transaction_data + basket + product time windows,last 8 weeks,float64,Snapshot gününe kadar gözlenen hane davranışından türetilen aday feature,0,0.0,False,False,False,False,False
baskets_last_8w,temporal_trend,transaction_data + basket + product time windows,last 8 weeks,float64,Snapshot gününe kadar gözlenen hane davranışından türetilen aday feature,0,0.0,False,True,True,True,True
active_days_last_8w,temporal_trend,transaction_data + basket + product time windows,last 8 weeks,float64,Snapshot gününe kadar gözlenen hane davranışından türetilen aday feature,0,0.0,False,False,False,False,False
active_weeks_last_8w,temporal_trend,transaction_data + basket + product time windows,last 8 weeks,float64,Snapshot gününe kadar gözlenen hane davranışından türetilen aday feature,0,0.0,False,True,True,True,True
avg_basket_value_last_8w,temporal_trend,transaction_data + basket + product time windows,last 8 weeks,float64,Snapshot gününe kadar gözlenen hane davranışından türetilen aday feature,0,0.0,False,False,False,False,False
discounted_basket_rate_last_8w,temporal_trend,transaction_data + basket + product time windows,last 8 weeks,float64,Snapshot gününe kadar gözlenen hane davranışından türetilen aday feature,0,0.0,False,True,True,True,True
coupon_basket_rate_last_8w,temporal_trend,transaction_data + basket + product time windows,last 8 weeks,float64,Snapshot gününe kadar gözlenen hane davranışından türetilen aday feature,0,0.0,False,True,True,True,True
unique_products_last_8w,temporal_trend,transaction_data + basket + product time windows,last 8 weeks,float64,Snapshot gününe kadar gözlenen hane davranışından türetilen aday feature,0,0.0,False,False,False,False,False
unique_departments_last_8w,temporal_trend,transaction_data + basket + product time windows,last 8 weeks,float64,Snapshot gününe kadar gözlenen hane davranışından türetilen aday feature,0,0.0,False,False,False,False,False
customer_spend_last_12w,temporal_trend,transaction_data + basket + product time windows,last 12 weeks,float64,Snapshot gününe kadar gözlenen hane davranışından türetilen aday feature,0,0.0,False,False,False,False,False
discounted_line_rate_last_12w,temporal_trend,transaction_data + basket + product time windows,last 12 weeks,float64,Snapshot gününe kadar gözlenen hane davranışından türetilen aday feature,0,0.0,False,False,False,False,False
coupon_line_rate_last_12w,temporal_trend,transaction_data + basket + product time windows,last 12 weeks,float64,Snapshot gününe kadar gözlenen hane davranışından türetilen aday feature,0,0.0,False,False,False,False,False
baskets_last_12w,temporal_trend,transaction_data + basket + product time windows,last 12 weeks,float64,Snapshot gününe kadar gözlenen hane davranışından türetilen aday feature,0,0.0,False,False,False,False,False
active_days_last_12w,temporal_trend,transaction_data + basket + product time windows,last 12 weeks,float64,Snapshot gününe kadar gözlenen hane davranışından türetilen aday feature,0,0.0,False,False,False,False,False
active_weeks_last_12w,temporal_trend,transaction_data + basket + product time windows,last 12 weeks,float64,Snapshot gününe kadar gözlenen hane davranışından türetilen aday feature,0,0.0,False,False,False,False,False
avg_basket_value_last_12w,temporal_trend,transaction_data + basket + product time windows,last 12 weeks,float64,Snapshot gününe kadar gözlenen hane davranışından türetilen aday feature,0,0.0,False,False,False,False,False
discounted_basket_rate_last_12w,temporal_trend,transaction_data + basket + product time windows,last 12 weeks,float64,Snapshot gününe kadar gözlenen hane davranışından türetilen aday feature,0,0.0,False,False,False,False,False
coupon_basket_rate_last_12w,temporal_trend,transaction_data + basket + product time windows,last 12 weeks,float64,Snapshot gününe kadar gözlenen hane davranışından türetilen aday feature,0,0.0,False,False,False,False,False
unique_products_last_12w,temporal_trend,transaction_data + basket + product time windows,last 12 weeks,float64,Snapshot gününe kadar gözlenen hane davranışından türetilen aday feature,0,0.0,False,False,False,False,False
unique_departments_last_12w,temporal_trend,transaction_data + basket + product time windows,last 12 weeks,float64,Snapshot gününe kadar gözlenen hane davranışından türetilen aday feature,0,0.0,False,False,False,False,False
customer_spend_prev_8w,temporal_trend,transaction_data + basket + product time windows,previous 8 weeks,float64,Snapshot gününe kadar gözlenen hane davranışından türetilen aday feature,0,0.0,False,False,False,False,False
discounted_line_rate_prev_8w,temporal_trend,transaction_data + basket + product time windows,previous 8 weeks,float64,Snapshot gününe kadar gözlenen hane davranışından türetilen aday feature,0,0.0,False,False,False,False,False
coupon_line_rate_prev_8w,temporal_trend,transaction_data + basket + product time windows,previous 8 weeks,float64,Snapshot gününe kadar gözlenen hane davranışından türetilen aday feature,0,0.0,False,False,False,False,False
baskets_prev_8w,temporal_trend,transaction_data + basket + product time windows,previous 8 weeks,float64,Snapshot gününe kadar gözlenen hane davranışından türetilen aday feature,0,0.0,False,False,False,False,False
active_days_prev_8w,temporal_trend,transaction_data + basket + product time windows,previous 8 weeks,float64,Snapshot gününe kadar gözlenen hane davranışından türetilen aday feature,0,0.0,False,False,False,False,False
active_weeks_prev_8w,temporal_trend,transaction_data + basket + product time windows,previous 8 weeks,float64,Snapshot gününe kadar gözlenen hane davranışından türetilen aday feature,0,0.0,False,False,False,False,False
avg_basket_value_prev_8w,temporal_trend,transaction_data + basket + product time windows,previous 8 weeks,float64,Snapshot gününe kadar gözlenen hane davranışından türetilen aday feature,0,0.0,False,False,False,False,False
discounted_basket_rate_prev_8w,temporal_trend,transaction_data + basket + product time windows,previous 8 weeks,float64,Snapshot gününe kadar gözlenen hane davranışından türetilen aday feature,0,0.0,False,False,False,False,False
coupon_basket_rate_prev_8w,temporal_trend,transaction_data + basket + product time windows,previous 8 weeks,float64,Snapshot gününe kadar gözlenen hane davranışından türetilen aday feature,0,0.0,False,False,False,False,False
unique_products_prev_8w,temporal_trend,transaction_data + basket + product time windows,previous 8 weeks,float64,Snapshot gününe kadar gözlenen hane davranışından türetilen aday feature,0,0.0,False,False,False,False,False
unique_departments_prev_8w,temporal_trend,transaction_data + basket + product time windows,previous 8 weeks,float64,Snapshot gününe kadar gözlenen hane davranışından türetilen aday feature,0,0.0,False,False,False,False,False
spend_change_8w,temporal_trend,transaction_data + basket + product time windows,182-day observation window,float64,Snapshot gününe kadar gözlenen hane davranışından türetilen aday feature,0,0.0,False,True,True,True,True
basket_change_8w,temporal_trend,transaction_data + basket + product time windows,182-day observation window,float64,Snapshot gününe kadar gözlenen hane davranışından türetilen aday feature,0,0.0,False,True,True,True,True
active_week_change_8w,temporal_trend,transaction_data + basket + product time windows,182-day observation window,float64,Snapshot gününe kadar gözlenen hane davranışından türetilen aday feature,0,0.0,False,False,False,False,False
product_diversity_change_8w,temporal_trend,transaction_data + basket + product time windows,182-day observation window,float64,Snapshot gününe kadar gözlenen hane davranışından türetilen aday feature,0,0.0,False,False,False,False,False
department_diversity_change_8w_ratio,temporal_trend,transaction_data + basket + product time windows,182-day observation window,float64,Snapshot gününe kadar gözlenen hane davranışından türetilen aday feature,0,0.0,False,False,False,False,False
avg_basket_value_change_8w,temporal_trend,transaction_data + basket + product time windows,182-day observation window,float64,Snapshot gününe kadar gözlenen hane davranışından türetilen aday feature,0,0.0,False,True,True,True,True
discounted_line_rate_change_8w,temporal_trend,transaction_data + basket + product time windows,182-day observation window,float64,Snapshot gününe kadar gözlenen hane davranışından türetilen aday feature,0,0.0,False,False,False,False,False
coupon_line_rate_change_8w,temporal_trend,transaction_data + basket + product time windows,182-day observation window,float64,Snapshot gününe kadar gözlenen hane davranışından türetilen aday feature,0,0.0,False,False,False,False,False
discounted_basket_rate_change_8w,temporal_trend,transaction_data + basket + product time windows,182-day observation window,float64,Snapshot gününe kadar gözlenen hane davranışından türetilen aday feature,0,0.0,False,False,False,False,False
coupon_basket_rate_change_8w,temporal_trend,transaction_data + basket + product time windows,182-day observation window,float64,Snapshot gününe kadar gözlenen hane davranışından türetilen aday feature,0,0.0,False,False,False,False,False
spend_change_4w,temporal_trend,transaction_data + basket + product time windows,182-day observation window,float64,Snapshot gününe kadar gözlenen hane davranışından türetilen aday feature,0,0.0,False,False,False,False,False
basket_change_4w,temporal_trend,transaction_data + basket + product time windows,182-day observation window,float64,Snapshot gününe kadar gözlenen hane davranışından türetilen aday feature,0,0.0,False,False,False,False,False
recent_spend_share_8w,temporal_trend,transaction_data + basket + product time windows,182-day observation window,float64,Snapshot gününe kadar gözlenen hane davranışından türetilen aday feature,0,0.0,False,False,False,False,False
spend_slope_12w,temporal_trend,transaction_data + basket + product time windows,182-day observation window,float64,Snapshot gününe kadar gözlenen hane davranışından türetilen aday feature,0,0.0,False,True,True,True,True
basket_slope_12w,temporal_trend,transaction_data + basket + product time windows,182-day observation window,float64,Snapshot gününe kadar gözlenen hane davranışından türetilen aday feature,0,0.0,False,True,True,True,True
weekly_spend_std_12w,temporal_trend,transaction_data + basket + product time windows,182-day observation window,float64,Snapshot gününe kadar gözlenen hane davranışından türetilen aday feature,0,0.0,False,False,False,False,False
weekly_basket_std_12w,temporal_trend,transaction_data + basket + product time windows,182-day observation window,float64,Snapshot gününe kadar gözlenen hane davranışından türetilen aday feature,0,0.0,False,False,False,False,False
weekly_spend_mean_12w,temporal_trend,transaction_data + basket + product time windows,182-day observation window,float64,Snapshot gününe kadar gözlenen hane davranışından türetilen aday feature,0,0.0,False,False,False,False,False
weekly_basket_mean_12w,temporal_trend,transaction_data + basket + product time windows,182-day observation window,float64,Snapshot gününe kadar gözlenen hane davranışından türetilen aday feature,0,0.0,False,False,False,False,False
weekly_spend_cv_12w,temporal_trend,transaction_data + basket + product time windows,182-day observation window,float64,Snapshot gününe kadar gözlenen hane davranışından türetilen aday feature,7,0.00102880658436214,False,True,True,True,True
weekly_basket_cv_12w,temporal_trend,transaction_data + basket + product time windows,182-day observation window,float64,Snapshot gününe kadar gözlenen hane davranışından türetilen aday feature,7,0.00102880658436214,False,True,True,True,True
unique_departments,product_category,transaction_data + product,182-day observation window,int64,Snapshot gününe kadar gözlenen hane davranışından türetilen aday feature,0,0.0,False,False,False,True,True
unique_commodities,rfm_activity_discount,transaction_data + valid basket events,182-day observation window,int64,Snapshot gününe kadar gözlenen hane davranışından türetilen aday feature,0,0.0,False,False,False,False,False
unique_subcommodities,rfm_activity_discount,transaction_data + valid basket events,182-day observation window,int64,Snapshot gününe kadar gözlenen hane davranışından türetilen aday feature,0,0.0,False,False,False,False,False
repeat_product_rate,product_category,transaction_data + product,182-day observation window,float64,Snapshot gününe kadar gözlenen hane davranışından türetilen aday feature,0,0.0,False,False,False,True,True
top_department_revenue_share,product_category,transaction_data + product,182-day observation window,float64,Snapshot gününe kadar gözlenen hane davranışından türetilen aday feature,0,0.0,False,False,False,True,True
department_hhi,product_category,transaction_data + product,182-day observation window,float64,Departman gelir paylarının kareleri toplamı; kategori yoğunlaşması,0,0.0,False,False,False,True,True
top3_department_revenue_share,product_category,transaction_data + product,182-day observation window,float64,Snapshot gününe kadar gözlenen hane davranışından türetilen aday feature,0,0.0,False,False,False,False,False
department_entropy,product_category,transaction_data + product,182-day observation window,float64,Departman gelir dağılımının normalize çeşitlilik ölçüsü,0,0.0,False,False,False,True,True
dept_revenue_share_grocery,rfm_activity_discount,transaction_data + valid basket events,182-day observation window,float64,GROCERY departmanının hane ürün gelirindeki payı,0,0.0,False,False,False,True,True
dept_revenue_share_drug_gm,rfm_activity_discount,transaction_data + valid basket events,182-day observation window,float64,DRUG GM departmanının hane ürün gelirindeki payı,0,0.0,False,False,False,True,True
dept_revenue_share_kiosk_gas,rfm_activity_discount,transaction_data + valid basket events,182-day observation window,float64,KIOSK GAS departmanının hane ürün gelirindeki payı,0,0.0,False,False,False,True,True
dept_revenue_share_produce,rfm_activity_discount,transaction_data + valid basket events,182-day observation window,float64,PRODUCE departmanının hane ürün gelirindeki payı,0,0.0,False,False,False,True,True
dept_revenue_share_meat,rfm_activity_discount,transaction_data + valid basket events,182-day observation window,float64,MEAT departmanının hane ürün gelirindeki payı,0,0.0,False,False,False,True,True
dept_revenue_share_meat_pckgd,rfm_activity_discount,transaction_data + valid basket events,182-day observation window,float64,MEAT PCKGD departmanının hane ürün gelirindeki payı,0,0.0,False,False,False,True,True
dept_revenue_share_deli,rfm_activity_discount,transaction_data + valid basket events,182-day observation window,float64,DELI departmanının hane ürün gelirindeki payı,0,0.0,False,False,False,True,True
dept_revenue_share_misc_sales_tran,product_category,transaction_data + product,182-day observation window,float64,MISC SALES TRAN departmanının hane ürün gelirindeki payı,0,0.0,False,False,False,True,True
private_brand_revenue_share,product_category,transaction_data + product,182-day observation window,float64,Snapshot gününe kadar gözlenen hane davranışından türetilen aday feature,0,0.0,False,False,False,True,True
fuel_revenue_share,product_category,transaction_data + product,182-day observation window,float64,Yakıt ilişkili ürünlerin ürün gelirindeki payı,0,0.0,False,False,False,True,True
gift_ticket_revenue_share,product_category,transaction_data + product,182-day observation window,float64,Snapshot gününe kadar gözlenen hane davranışından türetilen aday feature,0,0.0,False,False,False,False,False
other_misc_revenue_share,product_category,transaction_data + product,182-day observation window,float64,Snapshot gününe kadar gözlenen hane davranışından türetilen aday feature,0,0.0,False,False,False,False,False
fuel_purchase_days,product_category,transaction_data + product,182-day observation window,int64,Snapshot gününe kadar gözlenen hane davranışından türetilen aday feature,0,0.0,False,False,False,False,False
has_fuel_purchase,product_category,transaction_data + product,182-day observation window,int8,Gözlem penceresinde en az bir yakıt alışverişi göstergesi,0,0.0,False,False,False,True,True
fuel_basket_rate,product_category,transaction_data + product,182-day observation window,float64,Yakıt içeren sepetlerin geçerli sepetlerdeki payı,0,0.0,False,False,False,True,True
days_since_last_fuel_purchase,product_category,transaction_data + product,182-day observation window,float64,Snapshot gününe kadar gözlenen hane davranışından türetilen aday feature,4010,0.5893592004703115,False,False,False,True,True
departments_last_8w,temporal_trend,transaction_data + basket + product time windows,last 8 weeks,int64,Snapshot gününe kadar gözlenen hane davranışından türetilen aday feature,0,0.0,False,False,False,False,False
departments_prev_8w,temporal_trend,transaction_data + basket + product time windows,previous 8 weeks,int64,Snapshot gününe kadar gözlenen hane davranışından türetilen aday feature,0,0.0,False,False,False,False,False
common_departments_8w,product_category,transaction_data + product,182-day observation window,int64,Snapshot gününe kadar gözlenen hane davranışından türetilen aday feature,0,0.0,False,False,False,False,False
lost_departments_8w,product_category,transaction_data + product,182-day observation window,int64,Snapshot gününe kadar gözlenen hane davranışından türetilen aday feature,0,0.0,False,False,False,False,False
new_departments_8w,product_category,transaction_data + product,182-day observation window,int64,Snapshot gününe kadar gözlenen hane davranışından türetilen aday feature,0,0.0,False,False,False,False,False
department_diversity_change_8w,temporal_trend,transaction_data + basket + product time windows,182-day observation window,int64,Snapshot gününe kadar gözlenen hane davranışından türetilen aday feature,0,0.0,False,False,False,False,False
has_previous_department_history,product_category,transaction_data + product,182-day observation window,int8,Önceki 8 haftada kategori geçmişi bulunma göstergesi,0,0.0,False,False,False,True,True
department_retention_rate,product_category,transaction_data + product,182-day observation window,float64,Önceki 8 hafta departmanlarının son 8 haftada korunma oranı,353,0.05188124632569077,False,False,False,True,True
department_jaccard,product_category,transaction_data + product,182-day observation window,float64,Son ve önceki 8 hafta departman kümelerinin Jaccard benzerliği,0,0.0,False,False,False,True,True
completed_campaigns_received,campaign_coupon,campaign_table + campaign_desc + coupon + coupon_redempt,182-day observation window,float64,Snapshot öncesinde tamamlanan atanmış kampanya sayısı,0,0.0,False,False,False,False,False
completed_campaigns_received_TypeA,campaign_coupon,campaign_table + campaign_desc + coupon + coupon_redempt,182-day observation window,float64,Snapshot öncesinde tamamlanan TypeA kampanya sayısı,0,0.0,False,False,False,True,True
completed_campaigns_received_TypeB,campaign_coupon,campaign_table + campaign_desc + coupon + coupon_redempt,182-day observation window,float64,Snapshot öncesinde tamamlanan TypeB kampanya sayısı,0,0.0,False,False,False,True,True
completed_campaigns_received_TypeC,campaign_coupon,campaign_table + campaign_desc + coupon + coupon_redempt,182-day observation window,float64,Snapshot öncesinde tamamlanan TypeC kampanya sayısı,0,0.0,False,False,False,True,True
active_campaigns_at_snapshot,campaign_coupon,campaign_table + campaign_desc + coupon + coupon_redempt,182-day observation window,float64,Snapshot gününde devam eden atanmış kampanya sayısı,0,0.0,False,False,False,True,True
campaigns_started_last_26w,campaign_coupon,campaign_table + campaign_desc + coupon + coupon_redempt,182-day observation window,float64,Snapshot gününe kadar gözlenen hane davranışından türetilen aday feature,0,0.0,False,False,False,True,True
coupon_redemption_events_obs,campaign_coupon,campaign_table + campaign_desc + coupon + coupon_redempt,182-day observation window,float64,Gözlem penceresindeki kupon kullanım kaydı sayısı,0,0.0,False,False,False,False,False
unique_coupons_redeemed_obs,rfm_activity_discount,transaction_data + valid basket events,182-day observation window,float64,Snapshot gününe kadar gözlenen hane davranışından türetilen aday feature,0,0.0,False,False,False,False,False
campaigns_with_redemption_obs,campaign_coupon,campaign_table + campaign_desc + coupon + coupon_redempt,182-day observation window,float64,Snapshot gününe kadar gözlenen hane davranışından türetilen aday feature,0,0.0,False,False,False,False,False
coupon_redemption_events_obs_TypeA,campaign_coupon,campaign_table + campaign_desc + coupon + coupon_redempt,182-day observation window,float64,Gözlem penceresindeki TypeA kupon kullanım kaydı sayısı,0,0.0,False,False,False,True,True
coupon_redemption_events_obs_TypeB,campaign_coupon,campaign_table + campaign_desc + coupon + coupon_redempt,182-day observation window,float64,Gözlem penceresindeki TypeB kupon kullanım kaydı sayısı,0,0.0,False,False,False,True,True
coupon_redemption_events_obs_TypeC,campaign_coupon,campaign_table + campaign_desc + coupon + coupon_redempt,182-day observation window,float64,Gözlem penceresindeki TypeC kupon kullanım kaydı sayısı,0,0.0,False,False,False,True,True
bc_coupon_opportunities_completed,campaign_coupon,campaign_table + campaign_desc + coupon + coupon_redempt,182-day observation window,float64,Snapshot gününe kadar gözlenen hane davranışından türetilen aday feature,0,0.0,False,False,False,True,True
bc_unique_coupon_redemptions_completed,campaign_coupon,campaign_table + campaign_desc + coupon + coupon_redempt,182-day observation window,float64,Snapshot gününe kadar gözlenen hane davranışından türetilen aday feature,0,0.0,False,False,False,False,False
bc_campaigns_with_redemption_completed,campaign_coupon,campaign_table + campaign_desc + coupon + coupon_redempt,182-day observation window,float64,Snapshot gününe kadar gözlenen hane davranışından türetilen aday feature,0,0.0,False,False,False,False,False
completed_campaigns_with_redemption,campaign_coupon,campaign_table + campaign_desc + coupon + coupon_redempt,182-day observation window,float64,Snapshot gününe kadar gözlenen hane davranışından türetilen aday feature,0,0.0,False,False,False,False,False
has_campaign_history,campaign_coupon,campaign_table + campaign_desc + coupon + coupon_redempt,182-day observation window,int8,Snapshot gününe kadar gözlenen hane davranışından türetilen aday feature,0,0.0,False,False,False,True,True
has_active_campaign,campaign_coupon,campaign_table + campaign_desc + coupon + coupon_redempt,182-day observation window,int8,Snapshot gününe kadar gözlenen hane davranışından türetilen aday feature,0,0.0,False,False,False,False,False
has_redeemed_coupon,rfm_activity_discount,transaction_data + valid basket events,182-day observation window,int8,Snapshot gününe kadar gözlenen hane davranışından türetilen aday feature,0,0.0,False,False,False,True,True
has_bc_coupon_opportunity,campaign_coupon,campaign_table + campaign_desc + coupon + coupon_redempt,182-day observation window,int8,Tamamlanmış Type B/C kampanyalarında bilinen kupon fırsatı göstergesi,0,0.0,False,False,False,True,True
days_since_last_campaign,campaign_coupon,campaign_table + campaign_desc + coupon + coupon_redempt,182-day observation window,float64,Snapshot gününe kadar gözlenen hane davranışından türetilen aday feature,3511,0.5160199882422105,False,False,False,True,True
days_since_last_redemption,campaign_coupon,campaign_table + campaign_desc + coupon + coupon_redempt,all history up to snapshot,float64,Snapshot gününe kadar gözlenen hane davranışından türetilen aday feature,6084,0.8941798941798942,False,False,False,True,True
redemption_campaign_share,campaign_coupon,campaign_table + campaign_desc + coupon + coupon_redempt,182-day observation window,float64,Kupon kullanılan tamamlanmış kampanyaların tamamlanmış kampanyalara oranı,3511,0.5160199882422105,False,False,False,True,True
bc_coupon_redemption_rate,campaign_coupon,campaign_table + campaign_desc + coupon + coupon_redempt,182-day observation window,float64,Tamamlanmış Type B/C kupon fırsatlarında benzersiz kullanım oranı,4971,0.7305996472663139,False,False,False,True,True
classification_1,demographic,hh_demographic,182-day observation window,string,Anonim classification_1 kategorisi; NO_DEMOGRAPHIC_RECORD ve belirsiz değerler ayrı korunur,0,0.0,False,False,False,False,True
classification_2,demographic,hh_demographic,182-day observation window,string,Anonim classification_2 kategorisi; NO_DEMOGRAPHIC_RECORD ve belirsiz değerler ayrı korunur,0,0.0,False,False,False,False,True
classification_3,demographic,hh_demographic,182-day observation window,string,Anonim classification_3 kategorisi; NO_DEMOGRAPHIC_RECORD ve belirsiz değerler ayrı korunur,0,0.0,False,False,False,False,True
homeowner_desc,demographic,hh_demographic,182-day observation window,string,Anonim homeowner_desc kategorisi; NO_DEMOGRAPHIC_RECORD ve belirsiz değerler ayrı korunur,0,0.0,False,False,False,False,True
classification_5,demographic,hh_demographic,182-day observation window,string,Anonim classification_5 kategorisi; NO_DEMOGRAPHIC_RECORD ve belirsiz değerler ayrı korunur,0,0.0,False,False,False,False,True
classification_4,demographic,hh_demographic,182-day observation window,string,Anonim classification_4 kategorisi; NO_DEMOGRAPHIC_RECORD ve belirsiz değerler ayrı korunur,0,0.0,False,False,False,False,True
kid_category_desc,demographic,hh_demographic,182-day observation window,string,Anonim kid_category_desc kategorisi; NO_DEMOGRAPHIC_RECORD ve belirsiz değerler ayrı korunur,0,0.0,False,False,False,False,True
has_demographic,demographic,hh_demographic,182-day observation window,int8,Hanenin demografi kaydına sahip olma göstergesi,0,0.0,False,False,False,True,True
demographic_unknown_count,demographic,hh_demographic,182-day observation window,float64,Demografi kaydı içindeki Unknown/None-Unknown alan sayısı,4410,0.6481481481481481,False,False,False,False,True
has_internal_demographic_unknown,demographic,hh_demographic,182-day observation window,int8,Mevcut demografi kaydında en az bir belirsiz/eksik alan göstergesi,0,0.0,False,False,False,False,True
