family,feature_set,candidate_id,parameters,fold,fit_seconds,average_precision,roc_auc,brier_score,positive_rate,top_k_rate,top_k_count,positives_captured_at_top_k,recall_at_top_k,precision_at_top_k,lift_at_top_k
logistic,behavior_core_linear,0,"{""model__C"": 0.05, ""model__class_weight"": null}",431_to_487,0.01890230001299642,0.3882830323383791,0.8815365318281593,0.04988818805524291,0.06590509666080843,0.1,228,81,0.54,0.35526315789473684,5.390526315789474
logistic,behavior_core_linear,0,"{""model__C"": 0.05, ""model__class_weight"": null}",431_487_to_543,0.03596420001122169,0.306284711306009,0.8851401448220906,0.0481567181042075,0.05939287285525737,0.1,228,64,0.4740740740740741,0.2807017543859649,4.726185834957764
logistic,behavior_core_linear,1,"{""model__C"": 0.05, ""model__class_weight"": ""balanced""}",431_to_487,0.016079299995908514,0.36942118086220127,0.8793853872687363,0.15618745490764216,0.06590509666080843,0.1,228,80,0.5333333333333333,0.3508771929824561,5.3239766081871345
logistic,behavior_core_linear,1,"{""model__C"": 0.05, ""model__class_weight"": ""balanced""}",431_487_to_543,0.0324415999930352,0.3148737394350073,0.8874233447666563,0.15223795371238708,0.05939287285525737,0.1,228,63,0.4666666666666667,0.27631578947368424,4.65233918128655
logistic,behavior_core_linear,2,"{""model__C"": 0.2, ""model__class_weight"": null}",431_to_487,0.02052759999060072,0.3901701828096171,0.88126371903418,0.049127897248662435,0.06590509666080843,0.1,228,82,0.5466666666666666,0.35964912280701755,5.457076023391814
logistic,behavior_core_linear,2,"{""model__C"": 0.2, ""model__class_weight"": null}",431_487_to_543,0.04744660000142176,0.3100467198923545,0.8843051657831826,0.04789140493069731,0.05939287285525737,0.1,228,61,0.45185185185185184,0.2675438596491228,4.50464587394412
logistic,behavior_core_linear,3,"{""model__C"": 0.2, ""model__class_weight"": ""balanced""}",431_to_487,0.02423259998613503,0.3601839614280112,0.8756161806208843,0.15328251804587076,0.06590509666080843,0.1,228,79,0.5266666666666666,0.34649122807017546,5.257426900584796
logistic,behavior_core_linear,3,"{""model__C"": 0.2, ""model__class_weight"": ""balanced""}",431_487_to_543,0.04703440000594128,0.3194316282244987,0.8871946783078681,0.15042063126501903,0.05939287285525737,0.1,228,61,0.45185185185185184,0.2675438596491228,4.50464587394412
logistic,behavior_core_linear,4,"{""model__C"": 1.0, ""model__class_weight"": null}",431_to_487,0.020864399994025007,0.3811478327655624,0.8788178112260897,0.04917935088541706,0.06590509666080843,0.1,228,80,0.5333333333333333,0.3508771929824561,5.3239766081871345
logistic,behavior_core_linear,4,"{""model__C"": 1.0, ""model__class_weight"": null}",431_487_to_543,0.053727300008176826,0.3129022960840897,0.8825070159027127,0.0479121322208697,0.05939287285525737,0.1,228,62,0.45925925925925926,0.2719298245614035,4.578492527615334
logistic,behavior_core_linear,5,"{""model__C"": 1.0, ""model__class_weight"": ""balanced""}",431_to_487,0.023457700008293614,0.35117868005528746,0.8725180307306366,0.1533581853783211,0.06590509666080843,0.1,228,77,0.5133333333333333,0.33771929824561403,5.1243274853801175
logistic,behavior_core_linear,5,"{""model__C"": 1.0, ""model__class_weight"": ""balanced""}",431_487_to_543,0.05135389999486506,0.3214973088171976,0.8866819110972525,0.1501863617981771,0.05939287285525737,0.1,228,64,0.4740740740740741,0.2807017543859649,4.726185834957764
logistic,behavior_core_linear,6,"{""model__C"": 5.0, ""model__class_weight"": null}",431_to_487,0.03025669998896774,0.3720469052009419,0.8769363436814048,0.049410446154849484,0.06590509666080843,0.1,228,81,0.54,0.35526315789473684,5.390526315789474
logistic,behavior_core_linear,6,"{""model__C"": 5.0, ""model__class_weight"": null}",431_487_to_543,0.06712740000511985,0.3130789066605455,0.8812562796660084,0.04802690334767685,0.05939287285525737,0.1,228,63,0.4666666666666667,0.27631578947368424,4.65233918128655
logistic,behavior_core_linear,7,"{""model__C"": 5.0, ""model__class_weight"": ""balanced""}",431_to_487,0.026368699996965006,0.34553362446830976,0.871887739103167,0.15398303974904584,0.06590509666080843,0.1,228,77,0.5133333333333333,0.33771929824561403,5.1243274853801175
logistic,behavior_core_linear,7,"{""model__C"": 5.0, ""model__class_weight"": ""balanced""}",431_487_to_543,0.049252199998591095,0.32231812474475097,0.8864116689186848,0.15025585334008731,0.05939287285525737,0.1,228,64,0.4740740740740741,0.2807017543859649,4.726185834957764
random_forest,behavior_core,0,"{""model__class_weight"": null, ""model__max_depth"": 8, ""model__max_features"": ""sqrt"", ""model__min_samples_leaf"": 5}",431_to_487,0.42282960000738967,0.4127254598447173,0.878038570084666,0.04921399702152193,0.06590509666080843,0.1,228,82,0.5466666666666666,0.35964912280701755,5.457076023391814
random_forest,behavior_core,0,"{""model__class_weight"": null, ""model__max_depth"": 8, ""model__max_features"": ""sqrt"", ""model__min_samples_leaf"": 5}",431_487_to_543,0.5113942000025418,0.3047862164086281,0.8800956241554931,0.047391834797479965,0.05939287285525737,0.1,228,65,0.48148148148148145,0.2850877192982456,4.80003248862898
random_forest,behavior_core,1,"{""model__class_weight"": null, ""model__max_depth"": 8, ""model__max_features"": ""sqrt"", ""model__min_samples_leaf"": 15}",431_to_487,0.41978260000178125,0.3902753870403811,0.879181561618062,0.04956518762749154,0.06590509666080843,0.1,228,80,0.5333333333333333,0.3508771929824561,5.3239766081871345
random_forest,behavior_core,1,"{""model__class_weight"": null, ""model__max_depth"": 8, ""model__max_features"": ""sqrt"", ""model__min_samples_leaf"": 15}",431_487_to_543,0.4429800000070827,0.3042269804092534,0.8803312199009111,0.04713159110628789,0.05939287285525737,0.1,228,65,0.48148148148148145,0.2850877192982456,4.80003248862898
random_forest,behavior_core,2,"{""model__class_weight"": null, ""model__max_depth"": 12, ""model__max_features"": ""sqrt"", ""model__min_samples_leaf"": 5}",431_to_487,0.3658389999909559,0.41109018693834565,0.8802069614299153,0.04907225310052966,0.06590509666080843,0.1,228,83,0.5533333333333333,0.36403508771929827,5.523625730994152
random_forest,behavior_core,2,"{""model__class_weight"": null, ""model__max_depth"": 12, ""model__max_features"": ""sqrt"", ""model__min_samples_leaf"": 5}",431_487_to_543,0.46479030000045896,0.3061081496707267,0.879063160447632,0.0474484318589244,0.05939287285525737,0.1,228,63,0.4666666666666667,0.27631578947368424,4.65233918128655
random_forest,behavior_core,3,"{""model__class_weight"": null, ""model__max_depth"": 12, ""model__max_features"": ""sqrt"", ""model__min_samples_leaf"": 15}",431_to_487,0.3689070999971591,0.39656464972645944,0.8792458450925056,0.049473927903371046,0.06590509666080843,0.1,228,80,0.5333333333333333,0.3508771929824561,5.3239766081871345
random_forest,behavior_core,3,"{""model__class_weight"": null, ""model__max_depth"": 12, ""model__max_features"": ""sqrt"", ""model__min_samples_leaf"": 15}",431_487_to_543,0.45578519999980927,0.30317045698624817,0.8799674323528393,0.047167689903717946,0.05939287285525737,0.1,228,64,0.4740740740740741,0.2807017543859649,4.726185834957764
random_forest,behavior_core,4,"{""model__class_weight"": null, ""model__max_depth"": null, ""model__max_features"": ""sqrt"", ""model__min_samples_leaf"": 5}",431_to_487,0.3768716000049608,0.41043240864056885,0.879390090937598,0.04906136496078164,0.06590509666080843,0.1,228,85,0.5666666666666667,0.37280701754385964,5.656725146198831
random_forest,behavior_core,4,"{""model__class_weight"": null, ""model__max_depth"": null, ""model__max_features"": ""sqrt"", ""model__min_samples_leaf"": 5}",431_487_to_543,0.4741076000063913,0.3023833270264631,0.8773377680767764,0.04752392488940678,0.05939287285525737,0.1,228,63,0.4666666666666667,0.27631578947368424,4.65233918128655
random_forest,behavior_core,5,"{""model__class_weight"": null, ""model__max_depth"": null, ""model__max_features"": ""sqrt"", ""model__min_samples_leaf"": 15}",431_to_487,0.3722774999914691,0.39656464972645944,0.8792458450925056,0.049473927903371046,0.06590509666080843,0.1,228,80,0.5333333333333333,0.3508771929824561,5.3239766081871345
random_forest,behavior_core,5,"{""model__class_weight"": null, ""model__max_depth"": null, ""model__max_features"": ""sqrt"", ""model__min_samples_leaf"": 15}",431_487_to_543,0.478108199997223,0.30366830749438917,0.8802757856078716,0.04714446379267277,0.05939287285525737,0.1,228,64,0.4740740740740741,0.2807017543859649,4.726185834957764
random_forest,behavior_core,6,"{""model__class_weight"": ""balanced_subsample"", ""model__max_depth"": 8, ""model__max_features"": ""sqrt"", ""model__min_samples_leaf"": 5}",431_to_487,0.5557360999955563,0.33839281094759,0.8730511132016306,0.07867332709172872,0.06590509666080843,0.1,228,73,0.4866666666666667,0.3201754385964912,4.85812865497076
random_forest,behavior_core,6,"{""model__class_weight"": ""balanced_subsample"", ""model__max_depth"": 8, ""model__max_features"": ""sqrt"", ""model__min_samples_leaf"": 5}",431_487_to_543,0.6799455000000307,0.2797337098077686,0.8760454561202923,0.08362987882250887,0.05939287285525737,0.1,228,61,0.45185185185185184,0.2675438596491228,4.50464587394412
random_forest,behavior_core,7,"{""model__class_weight"": ""balanced_subsample"", ""model__max_depth"": 8, ""model__max_features"": ""sqrt"", ""model__min_samples_leaf"": 15}",431_to_487,0.5412362000060966,0.37550438572408557,0.8769285042333019,0.09480169206811376,0.06590509666080843,0.1,228,73,0.4866666666666667,0.3201754385964912,4.85812865497076
random_forest,behavior_core,7,"{""model__class_weight"": ""balanced_subsample"", ""model__max_depth"": 8, ""model__max_features"": ""sqrt"", ""model__min_samples_leaf"": 15}",431_487_to_543,0.6774300999968546,0.2909500065347092,0.8790596958043169,0.09609347705715357,0.05939287285525737,0.1,228,63,0.4666666666666667,0.27631578947368424,4.65233918128655
random_forest,behavior_core,8,"{""model__class_weight"": ""balanced_subsample"", ""model__max_depth"": 12, ""model__max_features"": ""sqrt"", ""model__min_samples_leaf"": 5}",431_to_487,0.5930250999954296,0.3491723498041329,0.8731279397930386,0.0650151467791989,0.06590509666080843,0.1,228,75,0.5,0.32894736842105265,4.991228070175439
random_forest,behavior_core,8,"{""model__class_weight"": ""balanced_subsample"", ""model__max_depth"": 12, ""model__max_features"": ""sqrt"", ""model__min_samples_leaf"": 5}",431_487_to_543,0.7222592000034638,0.2773096290648985,0.8742992758895473,0.06548827373454034,0.05939287285525737,0.1,228,62,0.45925925925925926,0.2719298245614035,4.578492527615334
random_forest,behavior_core,9,"{""model__class_weight"": ""balanced_subsample"", ""model__max_depth"": 12, ""model__max_features"": ""sqrt"", ""model__min_samples_leaf"": 15}",431_to_487,0.5657934000046225,0.3760680162623804,0.8767544684854187,0.0932755165970102,0.06590509666080843,0.1,228,74,0.49333333333333335,0.32456140350877194,4.9246783625731
random_forest,behavior_core,9,"{""model__class_weight"": ""balanced_subsample"", ""model__max_depth"": 12, ""model__max_features"": ""sqrt"", ""model__min_samples_leaf"": 15}",431_487_to_543,0.6989870999968844,0.2907465575905098,0.879631361951287,0.08928008504030938,0.05939287285525737,0.1,228,61,0.45185185185185184,0.2675438596491228,4.50464587394412
random_forest,behavior_core,10,"{""model__class_weight"": ""balanced_subsample"", ""model__max_depth"": null, ""model__max_features"": ""sqrt"", ""model__min_samples_leaf"": 5}",431_to_487,0.6353591000079177,0.36147137510342486,0.8732110379429289,0.06112894970612183,0.06590509666080843,0.1,228,77,0.5133333333333333,0.33771929824561403,5.1243274853801175
random_forest,behavior_core,10,"{""model__class_weight"": ""balanced_subsample"", ""model__max_depth"": null, ""model__max_features"": ""sqrt"", ""model__min_samples_leaf"": 5}",431_487_to_543,0.838044500007527,0.2903035758444979,0.8752104770813844,0.059497521389208496,0.05939287285525737,0.1,228,60,0.4444444444444444,0.2631578947368421,4.430799220272904
random_forest,behavior_core,11,"{""model__class_weight"": ""balanced_subsample"", ""model__max_depth"": null, ""model__max_features"": ""sqrt"", ""model__min_samples_leaf"": 15}",431_to_487,0.6718465000012657,0.3760884334477224,0.8770994042019441,0.09325513058960343,0.06590509666080843,0.1,228,74,0.49333333333333335,0.32456140350877194,4.9246783625731
random_forest,behavior_core,11,"{""model__class_weight"": ""balanced_subsample"", ""model__max_depth"": null, ""model__max_features"": ""sqrt"", ""model__min_samples_leaf"": 15}",431_487_to_543,0.8235295000049518,0.2901931650370766,0.8784984235872916,0.08913744023697952,0.05939287285525737,0.1,228,64,0.4740740740740741,0.2807017543859649,4.726185834957764
